"年","月","学歴・職歴など （項目別にまとめて書く）"
"","","学　　歴"
"2005","","3 静岡県立静岡城北高等学校　卒業"
"2005","","4 日本福祉大学　経済学部経済学科　入学"
"2008","","9 北京清華大学　語学留学"
"2009","","3 日本福祉大学　経済学部経済学科　卒業"
"2009","","6 北京清華大学　語学留学　修了"
"","",""
"","","職　　歴"
"2009","","9 Oak pacific interactive, Inc.　入社　(北京)"
"2011","","10 Oak pacific interactive, Inc.　一身上の都合により退職"
"2011","11 Rekoo,Inc.　入社　(北京)",""
"2012","11 Rekoo,Inc.　一身上の都合により退職",""
"2013","1 クルーズ株式会社　入社",""
"2018","","5 CROOZ SHOPLIST株式会社　転籍"
"","",""
"","",""
"","",""
"","",""
"","",""
"","",""
"","",""
"","",""
"","",""
"","",""
